<?xml version="1.0" encoding="UTF-8"?>
<project-private xmlns="http://www.netbeans.org/ns/project-private/1">
    <editor-bookmarks xmlns="http://www.netbeans.org/ns/editor-bookmarks/2" lastBookmarkId="0"/>
    <open-files xmlns="http://www.netbeans.org/ns/projectui-open-files/2">
        <group>
            <file>file:/C:/Users/HP/OneDrive/Documents/NetBeansProjects/Hostel%20Management%20Application/src/Project/ConnectionProvider.java</file>
            <file>file:/C:/Users/HP/OneDrive/Documents/NetBeansProjects/Hostel%20Management%20Application/src/UpdateDeleteStudent.java</file>
            <file>file:/C:/Users/HP/OneDrive/Documents/NetBeansProjects/Hostel%20Management%20Application/src/ManageRoom.java</file>
            <file>file:/C:/Users/HP/OneDrive/Documents/NetBeansProjects/Hostel%20Management%20Application/src/home.java</file>
            <file>file:/C:/Users/HP/OneDrive/Documents/NetBeansProjects/Hostel%20Management%20Application/src/StudentFees.java</file>
            <file>file:/C:/Users/HP/OneDrive/Documents/NetBeansProjects/Hostel%20Management%20Application/src/LeavedEmployee.java</file>
            <file>file:/C:/Users/HP/OneDrive/Documents/NetBeansProjects/Hostel%20Management%20Application/src/login.java</file>
            <file>file:/C:/Users/HP/OneDrive/Documents/NetBeansProjects/Hostel%20Management%20Application/src/AllEmployeeWorking.java</file>
            <file>file:/C:/Users/HP/OneDrive/Documents/NetBeansProjects/Hostel%20Management%20Application/src/NewEmployee.java</file>
            <file>file:/C:/Users/HP/OneDrive/Documents/NetBeansProjects/Hostel%20Management%20Application/src/LeavedStudents.java</file>
            <file>file:/C:/Users/HP/OneDrive/Documents/NetBeansProjects/Hostel%20Management%20Application/src/AllStudentLiving.java</file>
            <file>file:/C:/Users/HP/OneDrive/Documents/NetBeansProjects/Hostel%20Management%20Application/src/UpdateDeleteEmployee.java</file>
            <file>file:/C:/Users/HP/OneDrive/Documents/NetBeansProjects/Hostel%20Management%20Application/src/NewStudent.java</file>
            <file>file:/C:/Users/HP/OneDrive/Documents/NetBeansProjects/Hostel%20Management%20Application/src/EmployeePayment.java</file>
        </group>
    </open-files>
</project-private>
